id,name,gender
617943e5-0cea-4984-bcab-1062664e4b10,Roger Voss,male
1d67136d-e406-40d5-979e-bfa3b6b51758,Paul Gregutt,male
8c3283af-7d37-4f22-b1eb-126dae76f1a9,Alexander Peartree,male
1bfd400b-84e8-4399-a7b7-2f3cf522fa89,Michael Schachner,male
69b929d9-29b5-490c-a501-ed4ebb16ddbb,Kerin O’Keefe,female
c33bc610-0e16-4e28-8834-5bfcd1fbc144,Anna Lee C. Iijima,female
638c9b5c-3f38-4f08-b0f2-3f73b0641ef2,Virginie Boone,female
3fdffd6d-41e5-4333-bcee-cd744579fbc1,Matt Kettmann,male
2dcf6cb5-fa23-40fc-845b-fcc638ebdbdb,Undefined,undefined
c2ec4e41-1608-4bc2-9ea4-2a942653368f,Sean P. Sullivan,male
77626e53-f5af-442b-9708-d9cf7bd3cf7e,Jim Gordon,male
f5d7109b-0154-4a40-8948-3493056c8d71,Joe Czerwinski,male
b0401e01-ba8d-4d20-a4a0-3144b580d500,Anne Krebiehl MW,female
480c8be5-8e54-45e1-9721-99b0b25c87bc,Lauren Buzzeo,female
9e0fcb0f-9f01-4e38-8bf7-7f514c695437,Mike DeSimone,male
1c6b0c64-5a0d-4c08-9620-cdfef030e80c,Jeff Jenssen,male
56fe8727-71fc-4e57-8ade-86c92eb4ccb1,Susan Kostrzewa,female
4b20b164-6ba5-41c7-acbe-8ccad627b364,Carrie Dykes,female
82b7d8a0-af37-4419-ae8b-a0a47090db7f,Fiona Adams,female
8170984c-ddec-4b20-970a-dc28943ac189,Christina Pickard,female
